2017 03 01.36672,10 23 22.28,+38 37 05.1,20.2 r,"G45 – Space Surveillance Telescope, Atom Site",MPS 772487,
2017 03 01.36830,10 23 22.15,+38 37 05.5,20.4 r,"G45 – Space Surveillance Telescope, Atom Site",MPS 772487,
2017 03 01.37781,10 23 21.03,+38 37 09.2,20.5 r,"G45 – Space Surveillance Telescope, Atom Site",MPS 772487,
2017 03 01.38200,10 23 20.55,+38 37 10.8,20.5 r,"G45 – Space Surveillance Telescope, Atom Site",MPS 772487,
2017 03 01.38206,10 23 20.61,+38 37 10.1,20.8 r,"G45 – Space Surveillance Telescope, Atom Site",MPS 772487,
2017 03 01.38709,10 23 20.09,+38 37 12.5,20.4 r,"G45 – Space Surveillance Telescope, Atom Site",MPS 772487,
2017 03 05.38000,10 16 16.10,+39 00 15.2,19.6 V,G96 – Mt. Lemmon Survey,MPS 776178,
2017 03 05.38732,10 16 15.41,+39 00 17.4, ,G96 – Mt. Lemmon Survey,MPS 776178,
2017 03 05.39454,10 16 14.65,+39 00 19.4,20.2 V,G96 – Mt. Lemmon Survey,MPS 776178,
2017 03 05.40170,10 16 13.90,+39 00 21.6,20.3 V,G96 – Mt. Lemmon Survey,MPS 776178,
2017 03 07.22282,10 13 03.55,+39 08 18.5,20.4 V,G96 – Mt. Lemmon Survey,MPS 776178,
2017 03 07.22996,10 13 02.81,+39 08 20.1,20.4 V,G96 – Mt. Lemmon Survey,MPS 776178,
2017 03 07.23703,10 13 02.05,+39 08 21.6,20.3 V,G96 – Mt. Lemmon Survey,MPS 776178,
2017 03 07.24413,10 13 01.25,+39 08 23.9,20.4 V,G96 – Mt. Lemmon Survey,MPS 776178,
2017 03 23.14858,09 48 37.62,+39 10 54.8, ,G96 – Mt. Lemmon Survey,MPS 779319,
2017 03 23.15402,09 48 37.24,+39 10 53.1,20.6 V,G96 – Mt. Lemmon Survey,MPS 779319,
2017 03 23.15837,09 48 36.96,+39 10 52.3,20.5 V,G96 – Mt. Lemmon Survey,MPS 779319,
2017 03 31.19132,09 39 58.62,+38 32 00.2,20.9 V,G96 – Mt. Lemmon Survey,MPS 782530,
2017 03 31.19559,09 39 58.40,+38 31 58.2,20.6 V,G96 – Mt. Lemmon Survey,MPS 782530,
2017 03 31.19985,09 39 58.12,+38 31 56.9,21.0 V,G96 – Mt. Lemmon Survey,MPS 782530,
2017 03 31.20412,09 39 57.90,+38 31 54.4,20.7 V,G96 – Mt. Lemmon Survey,MPS 782530,
2019 01 03.48300,08 38 54.022,+38 11 32.51,21.3 w,"F51 – Pan-STARRS 1, Haleakala",MPS 954179,
2019 01 03.49492,08 38 53.025,+38 11 39.95,21.4 w,"F51 – Pan-STARRS 1, Haleakala",MPS 954179,
2019 01 03.50696,08 38 52.043,+38 11 47.20,21.4 w,"F51 – Pan-STARRS 1, Haleakala",MPS 954179,
2019 01 03.51899,08 38 51.041,+38 11 54.67,21.5 w,"F51 – Pan-STARRS 1, Haleakala",MPS 954179,
2019 01 09.38033,08 30 26.98,+39 09 33.7,21.4 G,G96 – Mt. Lemmon Survey,MPS 954179,
2019 01 09.38574,08 30 26.55,+39 09 35.9,20.9 G,G96 – Mt. Lemmon Survey,MPS 954179,
2019 01 09.39107,08 30 25.95,+39 09 40.0,21.5 G,G96 – Mt. Lemmon Survey,MPS 954179,
2019 01 09.39637,08 30 25.51,+39 09 41.3, ,G96 – Mt. Lemmon Survey,MPS 954179,
2019 01 28.27879,07 59 06.51,+41 19 24.7,21.6 G,G96 – Mt. Lemmon Survey,MPS 954179,
2019 01 28.28398,07 59 06.03,+41 19 26.4,21.6 G,G96 – Mt. Lemmon Survey,MPS 954179,
2019 01 28.28918,07 59 05.43,+41 19 27.2,21.3 G,G96 – Mt. Lemmon Survey,MPS 954179,
2019 01 28.29442,07 59 04.88,+41 19 28.1,21.6 G,G96 – Mt. Lemmon Survey,MPS 954179,
2021 01 04.240407,05 38 08.05,+36 20 27.7,21.16 G,G96 – Mt. Lemmon Survey,MPS 1331600,
2021 01 04.245624,05 38 07.57,+36 20 28.4,20.88 G,G96 – Mt. Lemmon Survey,MPS 1331600,
2021 01 04.250842,05 38 07.03,+36 20 28.0,21.38 G,G96 – Mt. Lemmon Survey,MPS 1331600,
2022 01 07.549745,13 28 42.64,+09 13 12.3,22.24 G,G96 – Mt. Lemmon Survey,MPS 1535608,
2022 01 07.552551,13 28 42.91,+09 13 12.3,21.62 G,G96 – Mt. Lemmon Survey,MPS 1535608,
2022 01 07.555350,13 28 43.19,+09 13 12.0,21.67 G,G96 – Mt. Lemmon Survey,MPS 1535608,
2022 01 07.558150,13 28 43.45,+09 13 10.6,21.57 G,G96 – Mt. Lemmon Survey,MPS 1535608,
2022 02 03.580784,14 11 22.720,+08 23 04.03,20.48 w,"F52 – Pan-STARRS 2, Haleakala",MPS 1541174,
2022 02 03.592328,14 11 23.747,+08 23 03.97,20.51 w,"F52 – Pan-STARRS 2, Haleakala",MPS 1541174,
2022 02 03.603866,14 11 24.758,+08 23 04.15,20.55 w,"F52 – Pan-STARRS 2, Haleakala",MPS 1541174,
2022 02 03.615446,14 11 25.775,+08 23 04.29,20.65 w,"F52 – Pan-STARRS 2, Haleakala",MPS 1541174,
2022 02 06.510176,14 15 46.50,+08 23 50.6,20.70 G,G96 – Mt. Lemmon Survey,MPS 1552406,
2022 02 06.515335,14 15 46.95,+08 23 50.9,20.47 G,G96 – Mt. Lemmon Survey,MPS 1552406,
2022 02 06.520506,14 15 47.39,+08 23 50.9,20.22 G,G96 – Mt. Lemmon Survey,MPS 1552406,
2022 02 27.422630,14 45 07.79,+09 09 14.4,19.51 r,I41 – Palomar Mountain--ZTF,MPS 1561633,
2022 02 27.443222,14 45 09.31,+09 09 19.4,19.62 G,703 – Catalina Sky Survey,MPS 1561633,
2022 02 27.453764,14 45 10.05,+09 09 21.3,19.23 G,703 – Catalina Sky Survey,MPS 1561633,
2022 02 27.459030,14 45 10.57,+09 09 22.8, ,703 – Catalina Sky Survey,MPS 1561633,
2022 02 27.462500,14 45 10.78,+09 09 24.2,19.49 i,I41 – Palomar Mountain--ZTF,MPS 1561633,
2022 02 28.495785,14 46 30.919,+09 13 32.86,19.45 w,"F52 – Pan-STARRS 2, Haleakala",MPS 1561633,
2022 02 28.520138,14 46 32.712,+09 13 38.90,19.50 w,"F52 – Pan-STARRS 2, Haleakala",MPS 1561633,
2022 02 28.532302,14 46 33.608,+09 13 41.96,19.56 w,"F52 – Pan-STARRS 2, Haleakala",MPS 1561633,
2022 03 01.401810,14 47 40.20,+09 17 16.4,20.05 g,I41 – Palomar Mountain--ZTF,MPS 1561633,
2022 03 01.421200,14 47 41.53,+09 17 21.5,19.52 G,G96 – Mt. Lemmon Survey,MPS 1561633,
2022 03 01.426336,14 47 41.90,+09 17 22.8,19.65 G,G96 – Mt. Lemmon Survey,MPS 1561633,
2022 03 01.431470,14 47 42.28,+09 17 24.0,19.58 G,G96 – Mt. Lemmon Survey,MPS 1561633,
2022 03 01.436612,14 47 42.66,+09 17 25.4,19.63 G,G96 – Mt. Lemmon Survey,MPS 1561633,
2022 03 01.482120,14 47 46.01,+09 17 36.9,19.49 r,I41 – Palomar Mountain--ZTF,MPS 1561633,
2022 03 01.483090,14 47 46.08,+09 17 37.0,19.50 r,I41 – Palomar Mountain--ZTF,MPS 1561633,
2022 03 04.572847,14 51 37.37,+09 31 31.2,19.31 o,"T08 – ATLAS-MLO, Mauna Loa",MPS 1561633,
2022 03 04.605927,14 51 39.65,+09 31 40.3,19.20 o,"T08 – ATLAS-MLO, Mauna Loa",MPS 1561633,
2022 03 04.610163,14 51 39.91,+09 31 42.0,18.99 o,"T08 – ATLAS-MLO, Mauna Loa",MPS 1561633,
2022 03 04.619894,14 51 40.63,+09 31 44.6,19.36 o,"T08 – ATLAS-MLO, Mauna Loa",MPS 1561633,
2022 03 05.438935,14 52 40.60,+09 35 38.0,20.30 G,703 – Catalina Sky Survey,MPS 1561633,
2022 03 05.444135,14 52 40.95,+09 35 39.8,19.80 G,703 – Catalina Sky Survey,MPS 1561633,
2022 03 05.449334,14 52 41.38,+09 35 41.2,19.56 G,703 – Catalina Sky Survey,MPS 1561633,
2022 03 09.455134,14 57 25.33,+09 56 25.0,18.90 G,703 – Catalina Sky Survey,MPEC E165,
2022 03 09.465620,14 57 26.08,+09 56 28.3,19.11 G,703 – Catalina Sky Survey,MPEC E165,
2022 03 09.470863,14 57 26.33,+09 56 29.5,19.35 G,703 – Catalina Sky Survey,MPEC E165,
2022 03 12.566458,15 00 55.49,+10 14 09.5,19.11 o,"T08 – ATLAS-MLO, Mauna Loa",MPEC E204,
2022 03 12.568347,15 00 55.59,+10 14 11.2,18.88 o,"T08 – ATLAS-MLO, Mauna Loa",MPEC E204,
2022 03 12.592259,15 00 57.10,+10 14 19.8,18.77 o,"T08 – ATLAS-MLO, Mauna Loa",MPEC E204,
2022 03 12.620739,15 00 58.79,+10 14 29.7,18.73 o,"T08 – ATLAS-MLO, Mauna Loa",MPEC E204,
2022 03 13.411008,15 01 50.93,+10 19 09.6,19.09 G,703 – Catalina Sky Survey,MPEC E210,
2022 03 13.416335,15 01 51.23,+10 19 11.5,18.88 G,703 – Catalina Sky Survey,MPEC E210,
2022 03 13.421661,15 01 51.59,+10 19 13.4,19.17 G,703 – Catalina Sky Survey,MPEC E210,
2022 03 13.426991,15 01 51.93,+10 19 15.8,19.33 G,703 – Catalina Sky Survey,MPEC E210,
2022 03 23.496165,15 11 49.66,+11 26 03.1,18.37 G,703 – Catalina Sky Survey,MPEC F33,
2022 03 23.497733,15 11 49.81,+11 26 04.0,18.54 G,G96 – Mt. Lemmon Survey,MPEC F33,
2022 03 23.502874,15 11 50.06,+11 26 05.2, ,G96 – Mt. Lemmon Survey,MPEC F33,
2022 03 23.506694,15 11 50.15,+11 26 07.8,18.50 G,703 – Catalina Sky Survey,MPEC F33,
2022 03 23.508033,15 11 50.31,+11 26 08.3,18.49 G,G96 – Mt. Lemmon Survey,MPEC F33,
2022 03 23.511959,15 11 50.49,+11 26 10.9, ,703 – Catalina Sky Survey,MPEC F33,
2022 03 23.513188,15 11 50.55,+11 26 10.6,18.65 G,G96 – Mt. Lemmon Survey,MPEC F33,
2022 03 24.464114,15 12 40.83,+11 33 03.1,18.49 G,703 – Catalina Sky Survey,MPEC F51,
2022 03 24.469429,15 12 41.03,+11 33 05.4,18.52 G,703 – Catalina Sky Survey,MPEC F51,
2022 03 24.474746,15 12 41.24,+11 33 07.3,18.42 G,703 – Catalina Sky Survey,MPEC F51,
2022 03 24.480058,15 12 41.49,+11 33 10.1,18.63 G,703 – Catalina Sky Survey,MPEC F51,
2022 03 26.485772,15 14 22.63,+11 47 53.1,18.05 G,703 – Catalina Sky Survey,MPS 1582872,
2022 03 26.491095,15 14 22.86,+11 47 55.2,18.29 G,703 – Catalina Sky Survey,MPS 1582872,
2022 03 26.496398,15 14 23.11,+11 47 58.0,18.32 G,703 – Catalina Sky Survey,MPS 1582872,
2022 03 26.501703,15 14 23.32,+11 48 00.6,18.36 G,703 – Catalina Sky Survey,MPS 1582872,
2022 04 06.04567,15 21 31.83,+13 07 54.3,17.1 R,B66 – Osservatorio di Casasco,MPS 1582872,
2022 04 06.07662,15 21 32.60,+13 08 08.5,17.1 R,B66 – Osservatorio di Casasco,MPS 1582872,
2022 04 07.418840,15 22 13.250,+13 18 11.02,17.29 i,I41 – Palomar Mountain--ZTF,MPS 1582872,
2022 04 07.446120,15 22 13.841,+13 18 23.11,17.37 r,I41 – Palomar Mountain--ZTF,MPS 1582872,
2022 04 08.475312,15 22 43.313,+13 26 00.92,17.68 c,"T05 – ATLAS-HKO, Haleakala",MPS 1582872,
2022 04 08.477597,15 22 43.366,+13 26 02.00,17.78 c,"T05 – ATLAS-HKO, Haleakala",MPS 1582872,
2022 04 08.501906,15 22 43.802,+13 26 12.80,17.59 c,"T05 – ATLAS-HKO, Haleakala",MPS 1582872,
2022 04 08.505105,15 22 43.865,+13 26 14.35,17.52 c,"T05 – ATLAS-HKO, Haleakala",MPS 1582872,
2022 04 09.354030,15 23 06.389,+13 32 18.10,17.91 g,I41 – Palomar Mountain--ZTF,MPS 1582872,
2022 04 09.395750,15 23 07.130,+13 32 36.38,17.28 r,I41 – Palomar Mountain--ZTF,MPS 1582872,
2022 04 11.448711,15 23 55.402,+13 47 08.12,17.22 o,"T08 – ATLAS-MLO, Mauna Loa",MPS 1582872,
2022 04 11.450544,15 23 55.445,+13 47 09.20,17.02 o,"T08 – ATLAS-MLO, Mauna Loa",MPS 1582872,
2022 04 11.453738,15 23 55.483,+13 47 10.03,17.09 o,"T08 – ATLAS-MLO, Mauna Loa",MPS 1582872,
2022 04 11.463498,15 23 55.625,+13 47 14.14,17.56 c,"T05 – ATLAS-HKO, Haleakala",MPS 1582872,
2022 04 11.465334,15 23 55.603,+13 47 14.82,17.44 c,"T05 – ATLAS-HKO, Haleakala",MPS 1582872,
2022 04 11.471327,15 23 55.728,+13 47 17.27,17.39 c,"T05 – ATLAS-HKO, Haleakala",MPS 1582872,
2022 04 11.478189,15 23 55.793,+13 47 20.69,17.44 c,"T05 – ATLAS-HKO, Haleakala",MPS 1582872,
2022 04 11.522968,15 23 56.326,+13 47 39.08,16.97 o,"T08 – ATLAS-MLO, Mauna Loa",MPS 1582872,
2022 04 13.283495,15 24 31.180,+13 59 21.59,17.26 G,G96 – Mt. Lemmon Survey,MPS 1582872,
2022 04 13.288586,15 24 31.230,+13 59 23.60,17.23 G,G96 – Mt. Lemmon Survey,MPS 1582872,
2022 04 13.293674,15 24 31.288,+13 59 25.76,17.25 G,G96 – Mt. Lemmon Survey,MPS 1582872,
2022 04 13.298773,15 24 31.342,+13 59 27.78,17.17 G,G96 – Mt. Lemmon Survey,MPS 1582872,
2022 04 13.524949,15 24 34.402,+14 01 01.81,16.84 o,"T05 – ATLAS-HKO, Haleakala",MPS 1582872,
2022 04 13.528219,15 24 34.428,+14 01 03.00,16.89 o,"T05 – ATLAS-HKO, Haleakala",MPS 1582872,
2022 04 13.557547,15 24 34.637,+14 01 14.38,17.13 o,"T05 – ATLAS-HKO, Haleakala",MPS 1582872,
2022 04 14.412986,15 24 49.646,+14 06 41.69,16.84 o,"T08 – ATLAS-MLO, Mauna Loa",MPS 1589001,
2022 04 14.416176,15 24 49.646,+14 06 42.88,16.90 o,"T08 – ATLAS-MLO, Mauna Loa",MPS 1589001,
2022 04 14.424065,15 24 49.721,+14 06 46.19,16.73 o,"T08 – ATLAS-MLO, Mauna Loa",MPS 1589001,
2022 04 14.458514,15 24 49.910,+14 06 59.44,16.86 o,"T08 – ATLAS-MLO, Mauna Loa",MPS 1589001,
2022 04 15.380380,15 25 03.432,+14 12 38.81,17.00 o,"T08 – ATLAS-MLO, Mauna Loa",MPS 1589001,
2022 04 15.382687,15 25 03.458,+14 12 39.42,16.95 o,"T08 – ATLAS-MLO, Mauna Loa",MPS 1589001,
2022 04 15.388160,15 25 03.487,+14 12 41.76,16.92 o,"T08 – ATLAS-MLO, Mauna Loa",MPS 1589001,
2022 04 15.395483,15 25 03.516,+14 12 44.28,17.00 o,"T08 – ATLAS-MLO, Mauna Loa",MPS 1589001,
2022 04 15.444919,15 25 03.754,+14 13 02.96,16.91 o,"T05 – ATLAS-HKO, Haleakala",MPS 1589001,
2022 04 15.446748,15 25 03.766,+14 13 03.47,16.90 o,"T05 – ATLAS-HKO, Haleakala",MPS 1589001,
2022 04 15.449949,15 25 03.768,+14 13 04.80,17.06 o,"T05 – ATLAS-HKO, Haleakala",MPS 1589001,
2022 04 15.454973,15 25 03.794,+14 13 06.60,16.94 o,"T05 – ATLAS-HKO, Haleakala",MPS 1589001,
2022 04 16.98216,15 25 20.62,+14 21 47.5,16.4 G,C23 – Olmen,MPS 1589001,
2022 04 16.98591,15 25 20.62,+14 21 48.5,16.6 G,C23 – Olmen,MPS 1589001,
2022 04 16.98890,15 25 20.63,+14 21 49.0,16.7 G,C23 – Olmen,MPS 1589001,
2022 04 17.90248,15 25 28.58,+14 26 46.2,16.5 G,C23 – Olmen,MPS 1589001,
2022 04 17.90623,15 25 28.59,+14 26 47.6,16.4 G,C23 – Olmen,MPS 1589001,
2022 04 17.90922,15 25 28.60,+14 26 48.3,16.4 G,C23 – Olmen,MPS 1589001,
2022 04 18.98095,15 25 34.27,+14 32 17.4,16.3 G,"L65 – Bredenkamp Observatory, Bremen",MPS 1589001,
2022 04 18.99906,15 25 34.23,+14 32 23.0,16.4 G,"L65 – Bredenkamp Observatory, Bremen",MPS 1589001,
2022 04 19.02027,15 25 34.18,+14 32 29.2,16.2 G,"L65 – Bredenkamp Observatory, Bremen",MPS 1589001,
2022 04 19.026216,15 25 34.135,+14 32 32.17,16.6 G,"K74 – Muensterschwarzach Observatory, Schwarzach",MPS 1589001,
2022 04 19.029589,15 25 34.106,+14 32 33.18,16.5 G,"K74 – Muensterschwarzach Observatory, Schwarzach",MPS 1589001,
2022 04 19.032949,15 25 34.111,+14 32 34.04,16.5 G,"K74 – Muensterschwarzach Observatory, Schwarzach",MPS 1589001,
2022 04 19.511772,15 25 35.702,+14 35 05.89,16.48 o,"T05 – ATLAS-HKO, Haleakala",MPS 1589001,
2022 04 19.539897,15 25 35.458,+14 35 13.60,16.32 o,"T05 – ATLAS-HKO, Haleakala",MPS 1589001,
2022 04 19.542869,15 25 35.455,+14 35 14.28,16.60 o,"T05 – ATLAS-HKO, Haleakala",MPS 1589001,
2022 04 19.548472,15 25 35.398,+14 35 15.86,16.51 o,"T05 – ATLAS-HKO, Haleakala",MPS 1589001,
2022 04 19.98095,15 25 37.42,+14 37 01.2,16.5 G,"L65 – Bredenkamp Observatory, Bremen",MPS 1589001,
2022 04 20.00058,15 25 37.29,+14 37 06.6,16.3 G,"L65 – Bredenkamp Observatory, Bremen",MPS 1589001,
2022 04 20.01978,15 25 37.20,+14 37 12.0,16.2 G,"L65 – Bredenkamp Observatory, Bremen",MPS 1589001,
2022 04 20.441253,15 25 38.210,+14 39 18.43,16.44 o,"T05 – ATLAS-HKO, Haleakala",MPS 1589001,
2022 04 20.443082,15 25 38.174,+14 39 18.86,16.65 o,"T05 – ATLAS-HKO, Haleakala",MPS 1589001,
2022 04 20.446091,15 25 38.162,+14 39 19.84,16.46 o,"T05 – ATLAS-HKO, Haleakala",MPS 1589001,
2022 04 20.457896,15 25 38.018,+14 39 22.97,16.61 o,"T05 – ATLAS-HKO, Haleakala",MPS 1589001,
2022 04 20.96010,15 25 38.10,+14 41 15.0,16.3 G,"L65 – Bredenkamp Observatory, Bremen",MPS 1589001,
2022 04 20.98119,15 25 37.93,+14 41 20.5,16.3 G,"L65 – Bredenkamp Observatory, Bremen",MPS 1589001,
2022 04 20.99909,15 25 37.78,+14 41 24.7,16.6 G,"L65 – Bredenkamp Observatory, Bremen",MPS 1589001,
2022 04 21.501493,15 25 36.626,+14 43 40.62,16.49 o,"T05 – ATLAS-HKO, Haleakala",MPS 1589001,
2022 04 21.507814,15 25 36.535,+14 43 42.10,16.32 o,"T05 – ATLAS-HKO, Haleakala",MPS 1589001,
2022 04 21.511457,15 25 36.492,+14 43 42.96,16.31 o,"T05 – ATLAS-HKO, Haleakala",MPS 1589001,
2022 04 21.541902,15 25 36.058,+14 43 49.73,16.42 o,"T05 – ATLAS-HKO, Haleakala",MPS 1589001,
2022 04 22.08848,15 25 34.411,+14 45 38.84,16.4 G,A16 – Tentlingen,MPS 1589001,
2022 04 22.10443,15 25 34.246,+14 45 42.19,16.3 G,A16 – Tentlingen,MPS 1589001,
2022 04 22.12120,15 25 34.037,+14 45 45.58,16.4 G,A16 – Tentlingen,MPS 1589001,
2022 04 23.413082,15 25 28.068,+14 50 09.92,16.19 o,"T08 – ATLAS-MLO, Mauna Loa",MPS 1589001,
2022 04 23.414905,15 25 28.034,+14 50 10.39,16.16 o,"T08 – ATLAS-MLO, Mauna Loa",MPS 1589001,
2022 04 23.419019,15 25 27.953,+14 50 11.15,16.22 o,"T08 – ATLAS-MLO, Mauna Loa",MPS 1589001,
2022 04 23.433105,15 25 27.706,+14 50 14.71,16.09 o,"T08 – ATLAS-MLO, Mauna Loa",MPS 1589001,
2022 04 23.502172,15 25 26.263,+14 50 25.40,16.15 o,"T05 – ATLAS-HKO, Haleakala",MPS 1589001,
2022 04 23.506273,15 25 26.179,+14 50 26.23,16.15 o,"T05 – ATLAS-HKO, Haleakala",MPS 1589001,
2022 04 23.511848,15 25 26.054,+14 50 27.02,16.14 o,"T05 – ATLAS-HKO, Haleakala",MPS 1589001,
2022 04 23.523389,15 25 25.824,+14 50 28.82,16.14 o,"T05 – ATLAS-HKO, Haleakala",MPS 1589001,
2022 04 25.941409,15 24 57.74,+14 55 15.8,16.3 G,"L54 – Berthelot Observatory, Hunedoara",MPEC H107,
2022 04 25.985554,15 24 56.56,+14 55 19.2,16.3 G,"L54 – Berthelot Observatory, Hunedoara",MPEC H107,
2022 04 26.022452,15 24 55.58,+14 55 21.8,16.2 G,"L54 – Berthelot Observatory, Hunedoara",MPEC H107,
2022 04 26.419361,15 24 50.119,+14 56 01.39,15.96 o,"T08 – ATLAS-MLO, Mauna Loa",MPS 1589001,
2022 04 26.421186,15 24 50.064,+14 56 01.46,15.97 o,"T08 – ATLAS-MLO, Mauna Loa",MPS 1589001,
2022 04 26.426740,15 24 49.891,+14 56 01.82,15.94 o,"T08 – ATLAS-MLO, Mauna Loa",MPS 1589001,
2022 04 26.450535,15 24 49.142,+14 56 03.52,15.96 o,"T08 – ATLAS-MLO, Mauna Loa",MPS 1589001,
2022 04 26.97533,15 24 39.50,+14 56 06.3,16.1 G,C23 – Olmen,MPS 1589001,
2022 04 26.97894,15 24 39.40,+14 56 06.7,16.0 G,C23 – Olmen,MPS 1589001,
2022 04 26.98215,15 24 39.32,+14 56 06.7,16.0 G,C23 – Olmen,MPS 1589001,
2022 04 27.391893,15 24 31.735,+14 56 30.52,16.18 c,"T05 – ATLAS-HKO, Haleakala",MPS 1589001,
2022 04 27.393735,15 24 31.663,+14 56 30.62,16.16 c,"T05 – ATLAS-HKO, Haleakala",MPS 1589001,
2022 04 27.397390,15 24 31.550,+14 56 30.70,16.21 c,"T05 – ATLAS-HKO, Haleakala",MPS 1589001,
2022 04 27.432889,15 24 30.317,+14 56 31.70,16.23 c,"T05 – ATLAS-HKO, Haleakala",MPS 1589001,
2022 04 27.482773,15 24 28.490,+14 56 33.00,15.98 o,"T08 – ATLAS-MLO, Mauna Loa",MPS 1589001,
2022 04 27.486460,15 24 28.354,+14 56 33.07,15.89 o,"T08 – ATLAS-MLO, Mauna Loa",MPS 1589001,
2022 04 27.522094,15 24 27.065,+14 56 32.78,15.89 o,"T08 – ATLAS-MLO, Mauna Loa",MPS 1589001,
2022 04 27.533288,15 24 26.669,+14 56 32.60,15.94 o,"T08 – ATLAS-MLO, Mauna Loa",MPS 1589001,
2022 04 27.934825,15 24 19.37,+14 56 09.4,16.0 G,G33 – Wickede,MPEC H107,
2022 04 27.935995,15 24 19.35,+14 56 09.1,16.0 G,G33 – Wickede,MPEC H107,
2022 04 27.937164,15 24 19.30,+14 56 09.2,16.1 G,G33 – Wickede,MPEC H107,
2022 04 27.938334,15 24 19.27,+14 56 09.2,16.2 G,G33 – Wickede,MPEC H107,
2022 04 27.939417,15 24 19.23,+14 56 09.1,16.1 G,G33 – Wickede,MPEC H107,
2022 04 27.940674,15 24 19.19,+14 56 09.0,16.1 G,G33 – Wickede,MPEC H107,
2022 04 27.95727,15 24 18.75,+14 56 09.5,16.1 G,C23 – Olmen,MPEC H107,
2022 04 27.96089,15 24 18.61,+14 56 09.4,16.0 G,C23 – Olmen,MPEC H107,
2022 04 27.96399,15 24 18.51,+14 56 09.1,16.1 G,C23 – Olmen,MPEC H107,
2022 04 27.98442,15 24 17.71,+14 56 08.1,15.9 G,"L65 – Bredenkamp Observatory, Bremen",MPEC H107,
2022 04 28.00416,15 24 17.08,+14 56 07.7,15.7 G,"L65 – Bredenkamp Observatory, Bremen",MPEC H107,
2022 04 28.01894,15 24 16.58,+14 56 07.4,16.1 G,"L65 – Bredenkamp Observatory, Bremen",MPEC H107,
2022 04 28.376906,15 24 07.607,+14 56 06.43,15.95 G,G96 – Mt. Lemmon Survey,MPEC H128,
2022 04 28.382043,15 24 07.412,+14 56 06.25,15.97 G,G96 – Mt. Lemmon Survey,MPEC H128,
2022 04 28.387162,15 24 07.218,+14 56 05.93,16.00 G,G96 – Mt. Lemmon Survey,MPEC H128,
2022 04 28.392306,15 24 07.016,+14 56 05.68,16.03 G,G96 – Mt. Lemmon Survey,MPEC H128,
2022 04 30.01250,15 23 22.25,+14 53 27.3,15.9 V,M16 – Osservatorio Il Coreggiolo,MPEC J09,
2022 04 30.02829,15 23 21.56,+14 53 24.9,15.9 V,M16 – Osservatorio Il Coreggiolo,MPEC J09,
2022 04 30.04408,15 23 20.85,+14 53 22.6,15.9 V,M16 – Osservatorio Il Coreggiolo,MPEC J09,
2022 04 30.320560,15 23 13.010,+14 52 46.31,15.57 r,I41 – Palomar Mountain--ZTF,MPEC J17,
2022 04 30.357450,15 23 11.270,+14 52 40.40,15.56 r,I41 – Palomar Mountain--ZTF,MPEC J17,
2022 04 30.378181,15 23 10.291,+14 52 36.91,16.18 g,I41 – Palomar Mountain--ZTF,MPEC J17,
2022 04 30.401370,15 23 09.190,+14 52 32.81,15.47 i,I41 – Palomar Mountain--ZTF,MPEC J17,
2022 04 30.477481,15 23 07.099,+14 52 29.42,15.55 o,"T08 – ATLAS-MLO, Mauna Loa",MPEC J17,
2022 04 30.480419,15 23 06.955,+14 52 29.03,15.53 o,"T08 – ATLAS-MLO, Mauna Loa",MPEC J17,
2022 04 30.512585,15 23 05.357,+14 52 22.98,15.50 o,"T08 – ATLAS-MLO, Mauna Loa",MPEC J17,
2022 04 30.519301,15 23 05.023,+14 52 21.50,15.38 o,"T08 – ATLAS-MLO, Mauna Loa",MPEC J17,
2022 05 01.270470,15 22 40.769,+14 49 37.31,16.10 g,I41 – Palomar Mountain--ZTF,MPEC J17,
2022 05 01.298870,15 22 39.329,+14 49 31.40,15.54 r,I41 – Palomar Mountain--ZTF,MPEC J17,
2022 05 01.373541,15 22 35.441,+14 49 14.20,16.10 g,I41 – Palomar Mountain--ZTF,MPEC J17,
2022 05 01.381220,15 22 35.040,+14 49 12.29,15.47 r,I41 – Palomar Mountain--ZTF,MPEC J17,
2022 05 01.393873,15 22 34.108,+14 49 09.48,15.68 G,703 – Catalina Sky Survey,MPEC J17,
2022 05 01.399144,15 22 33.838,+14 49 08.11,15.72 G,703 – Catalina Sky Survey,MPEC J17,
2022 05 01.404415,15 22 33.560,+14 49 06.82,15.66 G,703 – Catalina Sky Survey,MPEC J17,
2022 05 01.409689,15 22 33.294,+14 49 05.34,15.71 G,703 – Catalina Sky Survey,MPEC J17,
2022 05 02.318020,15 21 58.990,+14 44 52.19,16.01 g,I41 – Palomar Mountain--ZTF,MPEC J31,
2022 05 02.357510,15 21 56.719,+14 44 39.91,15.96 g,I41 – Palomar Mountain--ZTF,MPEC J31,
2022 05 02.377850,15 21 55.541,+14 44 33.22,15.99 g,I41 – Palomar Mountain--ZTF,MPEC J31,
2022 05 02.433810,15 21 52.339,+14 44 14.21,16.03 g,I41 – Palomar Mountain--ZTF,MPEC J31,
2022 05 02.84083,15 21 37.78,+14 41 44.7,15.4 G,"K83 – Beppe Forti Astronomical Observatory, Montelupo",MPEC J20,
2022 05 02.84383,15 21 37.62,+14 41 43.7,15.4 G,"K83 – Beppe Forti Astronomical Observatory, Montelupo",MPEC J20,
2022 05 02.84682,15 21 37.47,+14 41 42.7,15.5 G,"K83 – Beppe Forti Astronomical Observatory, Montelupo",MPEC J20,
2022 05 02.87547,15 21 35.90,+14 41 32.1,15.6 G,130 – Lumezzane,MPEC J31,
2022 05 02.87700,15 21 35.82,+14 41 31.7,15.6 G,130 – Lumezzane,MPEC J31,
2022 05 02.87852,15 21 35.74,+14 41 31.2,15.7 G,130 – Lumezzane,MPEC J31,
2022 05 02.88043,15 21 35.63,+14 41 30.7,15.7 G,130 – Lumezzane,MPEC J31,
2022 05 02.93553,15 21 32.429,+14 41 16.89,15.02 R,L92 – San Costantino,MPEC J31,
2022 05 02.94226,15 21 32.010,+14 41 14.66,15.22 R,L92 – San Costantino,MPEC J31,
2022 05 02.94969,15 21 31.569,+14 41 12.03,15.20 R,L92 – San Costantino,MPEC J31,
2022 05 02.95492,15 21 31.245,+14 41 09.97,15.16 R,L92 – San Costantino,MPEC J31,
2022 05 02.98983,15 21 29.53,+14 40 48.5,15.6 G,C23 – Olmen,MPEC J31,
2022 05 02.99341,15 21 29.33,+14 40 47.4,15.8 G,C23 – Olmen,MPEC J31,
2022 05 02.99662,15 21 29.14,+14 40 45.9,15.6 G,C23 – Olmen,MPEC J31,
2022 05 03.744932,15 20 52.89,+14 35 51.9,15.5 R,"D29 – Purple Mountain Observatory, XuYi Station",MPEC J31,
2022 05 03.759074,15 20 51.98,+14 35 45.3,15.4 R,"D29 – Purple Mountain Observatory, XuYi Station",MPEC J31,
2022 05 03.773215,15 20 51.06,+14 35 38.6,15.4 R,"D29 – Purple Mountain Observatory, XuYi Station",MPEC J31,
2022 05 03.90036,15 20 47.17,+14 34 26.0,15.4 G,"L65 – Bredenkamp Observatory, Bremen",MPEC J35,
2022 05 03.91950,15 20 46.02,+14 34 18.0,15.3 G,"L65 – Bredenkamp Observatory, Bremen",MPEC J35,
2022 05 03.93684,15 20 44.97,+14 34 10.0,15.5 G,"L65 – Bredenkamp Observatory, Bremen",MPEC J35,
2022 05 04.883532,15 19 55.781,+14 26 01.61,15.3 G,Z80 – Northolt Branch Observatory,MPEC J44,
2022 05 04.884745,15 19 55.704,+14 26 00.89,15.5 G,Z80 – Northolt Branch Observatory,MPEC J44,
2022 05 04.885958,15 19 55.630,+14 26 00.49,15.2 G,Z80 – Northolt Branch Observatory,MPEC J44,
2022 05 04.89927,15 19 54.47,+14 25 53.0,15.1 G,"L65 – Bredenkamp Observatory, Bremen",MPEC J44,
2022 05 04.91829,15 19 53.21,+14 25 42.7,15.3 G,"L65 – Bredenkamp Observatory, Bremen",MPEC J44,
2022 05 04.93623,15 19 52.00,+14 25 32.7,15.3 G,"L65 – Bredenkamp Observatory, Bremen",MPEC J44,
2022 05 05.360687,15 19 26.350,+14 21 35.71,15.31 G,703 – Catalina Sky Survey,MPEC J44,
2022 05 05.365964,15 19 25.946,+14 21 32.44,15.27 G,703 – Catalina Sky Survey,MPEC J44,
2022 05 05.371253,15 19 25.547,+14 21 28.94,15.22 G,703 – Catalina Sky Survey,MPEC J44,
2022 05 05.376529,15 19 25.144,+14 21 25.56,15.23 G,703 – Catalina Sky Survey,MPEC J44,
2022 05 05.730144,15 19 04.14,+14 17 37.9,15.3 R,"D29 – Purple Mountain Observatory, XuYi Station",MPEC J51,
2022 05 05.744285,15 19 03.02,+14 17 28.2,15.2 R,"D29 – Purple Mountain Observatory, XuYi Station",MPEC J51,
2022 05 05.758427,15 19 01.92,+14 17 18.4,15.2 R,"D29 – Purple Mountain Observatory, XuYi Station",MPEC J51,
2022 05 05.866183,15 18 58.356,+14 15 48.42,15.1 G,Z80 – Northolt Branch Observatory,MPEC J51,
2022 05 05.868075,15 18 58.222,+14 15 47.12,15.0 G,Z80 – Northolt Branch Observatory,MPEC J51,
2022 05 05.869971,15 18 58.075,+14 15 45.90,15.1 G,Z80 – Northolt Branch Observatory,MPEC J51,
2022 05 05.89946,15 18 55.68,+14 15 26.6,15.1 G,"L65 – Bredenkamp Observatory, Bremen",MPEC J51,
2022 05 05.92044,15 18 54.13,+14 15 12.6,15.0 G,"L65 – Bredenkamp Observatory, Bremen",MPEC J51,
2022 05 05.93666,15 18 52.92,+14 15 01.8,15.1 G,"L65 – Bredenkamp Observatory, Bremen",MPEC J51,
2022 05 06.057823,15 18 44.08,+14 13 38.0,15.8 B,"270 – Unistellar Network, Roving Observer",MPEC J80,
2022 05 06.063338,15 18 43.68,+14 13 34.4,16.1 B,"270 – Unistellar Network, Roving Observer",MPEC J80,
2022 05 06.068854,15 18 43.30,+14 13 30.6,15.5 B,"270 – Unistellar Network, Roving Observer",MPEC J80,
2022 05 06.072990,15 18 42.98,+14 13 27.6,15.5 B,"270 – Unistellar Network, Roving Observer",MPEC J80,
2022 05 06.373823,15 18 25.874,+14 10 12.90,14.93 o,"T05 – ATLAS-HKO, Haleakala",MPEC J55,
2022 05 06.383709,15 18 25.039,+14 10 05.77,14.94 o,"T05 – ATLAS-HKO, Haleakala",MPEC J55,
2022 05 06.386549,15 18 24.797,+14 10 03.61,14.95 o,"T05 – ATLAS-HKO, Haleakala",MPEC J55,
2022 05 06.389871,15 18 24.521,+14 10 01.38,14.95 o,"T05 – ATLAS-HKO, Haleakala",MPEC J55,
2022 05 06.547420,15 18 14.62,+14 07 48.4,15.3 B,"270 – Unistellar Network, Roving Observer",MPEC J80,
2022 05 06.552936,15 18 14.16,+14 07 44.2,15.8 B,"270 – Unistellar Network, Roving Observer",MPEC J80,
2022 05 06.558451,15 18 13.63,+14 07 39.9,15.7 B,"270 – Unistellar Network, Roving Observer",MPEC J80,
2022 05 06.562588,15 18 13.36,+14 07 36.9,15.4 B,"270 – Unistellar Network, Roving Observer",MPEC J80,
2022 05 06.87886,15 17 52.09,+14 03 10.4,15.2 G,C23 – Olmen,MPEC J89,
2022 05 06.88185,15 17 51.86,+14 03 08.0,15.3 G,C23 – Olmen,MPEC J89,
2022 05 06.88559,15 17 51.56,+14 03 05.1,15.2 G,C23 – Olmen,MPEC J89,
2022 05 07.90572,15 16 37.13,+13 47 50.4,15.0 G,C23 – Olmen,MPEC J89,
2022 05 07.90893,15 16 36.86,+13 47 47.3,14.9 G,C23 – Olmen,MPEC J89,
2022 05 07.91254,15 16 36.53,+13 47 44.0,14.9 G,C23 – Olmen,MPEC J89,
2022 05 07.994966,15 16 28.714,+13 46 24.85,15.0 G,"K74 – Muensterschwarzach Observatory, Schwarzach",MPEC J80,
2022 05 07.997209,15 16 28.502,+13 46 22.69,14.9 G,"K74 – Muensterschwarzach Observatory, Schwarzach",MPEC J80,
2022 05 07.999453,15 16 28.301,+13 46 20.35,15.0 G,"K74 – Muensterschwarzach Observatory, Schwarzach",MPEC J80,
2022 05 08.001684,15 16 28.087,+13 46 18.19,15.0 G,"K74 – Muensterschwarzach Observatory, Schwarzach",MPEC J80,
2022 05 08.003927,15 16 27.869,+13 46 15.78,15.0 G,"K74 – Muensterschwarzach Observatory, Schwarzach",MPEC J80,
2022 05 08.006171,15 16 27.660,+13 46 13.69,14.9 G,"K74 – Muensterschwarzach Observatory, Schwarzach",MPEC J80,
2022 05 08.114606,15 16 21.95,+13 44 25.3,15.0 B,"270 – Unistellar Network, Roving Observer",MPEC J80,
2022 05 08.122879,15 16 21.03,+13 44 17.3,15.0 B,"270 – Unistellar Network, Roving Observer",MPEC J80,
2022 05 08.131152,15 16 20.30,+13 44 09.9,15.2 B,"270 – Unistellar Network, Roving Observer",MPEC J80,
2022 05 08.140804,15 16 19.39,+13 44 01.3,15.1 B,"270 – Unistellar Network, Roving Observer",MPEC J80,
2022 05 08.15934,15 16 16.73,+13 43 40.5,15.1 V,"X04 – MCD Observatory, Saint-Anaclet",MPEC J69,
2022 05 08.18001,15 16 14.76,+13 43 19.6,15.0 V,"X04 – MCD Observatory, Saint-Anaclet",MPEC J69,
2022 05 08.20204,15 16 12.66,+13 42 57.1,15.0 V,"X04 – MCD Observatory, Saint-Anaclet",MPEC J69,
2022 05 08.312340,15 16 03.990,+13 41 16.87,14.91 G,703 – Catalina Sky Survey,MPEC J69,
2022 05 08.317792,15 16 03.443,+13 41 11.26,14.97 G,703 – Catalina Sky Survey,MPEC J69,
2022 05 08.323144,15 16 02.899,+13 41 05.53,15.00 G,703 – Catalina Sky Survey,MPEC J69,
2022 05 08.328455,15 16 02.359,+13 41 00.02,14.97 G,703 – Catalina Sky Survey,MPEC J69,
2022 05 08.881308,15 15 18.667,+13 30 33.23,14.6 G,Z80 – Northolt Branch Observatory,MPEC J80,
2022 05 08.882037,15 15 18.590,+13 30 32.29,14.6 G,Z80 – Northolt Branch Observatory,MPEC J80,
2022 05 08.882766,15 15 18.523,+13 30 31.39,14.7 G,Z80 – Northolt Branch Observatory,MPEC J80,
2022 05 08.89104,15 15 17.58,+13 30 23.3,14.9 G,C23 – Olmen,MPEC J89,
2022 05 08.89425,15 15 17.26,+13 30 19.7,14.9 G,C23 – Olmen,MPEC J89,
2022 05 08.89786,15 15 16.90,+13 30 15.5,15.0 G,C23 – Olmen,MPEC J89,
2022 05 08.897880,15 15 17.20,+13 30 16.5,14.9 B,"270 – Unistellar Network, Roving Observer",MPEC J89,
2022 05 08.906153,15 15 16.37,+13 30 07.6,15.0 B,"270 – Unistellar Network, Roving Observer",MPEC J89,
2022 05 08.910667,15 15 15.86,+13 30 00.9,15.1 V,"J69 – North Observatory, Clanfield",MPEC J80,
2022 05 08.914608,15 15 15.48,+13 29 56.3,15.1 V,"J69 – North Observatory, Clanfield",MPEC J80,
2022 05 08.918254,15 15 15.16,+13 29 53.8,15.7 B,"270 – Unistellar Network, Roving Observer",MPEC J89,
2022 05 08.918546,15 15 15.08,+13 29 51.9,15.1 V,"J69 – North Observatory, Clanfield",MPEC J80,
2022 05 08.921223,15 15 14.78,+13 29 47.6,15.1 B,"270 – Unistellar Network, Roving Observer",MPEC J89,
2022 05 08.922479,15 15 14.71,+13 29 47.6,15.1 V,"J69 – North Observatory, Clanfield",MPEC J80,
2022 05 08.923414,15 15 14.24,+13 29 46.8,15.1 G,G33 – Wickede,MPEC J69,
2022 05 08.924528,15 15 14.14,+13 29 45.5,15.1 G,G33 – Wickede,MPEC J69,
2022 05 08.925870,15 15 14.00,+13 29 44.0,15.1 G,G33 – Wickede,MPEC J69,
2022 05 08.926414,15 15 14.31,+13 29 43.2,15.1 V,"J69 – North Observatory, Clanfield",MPEC J80,
2022 05 08.926739,15 15 14.24,+13 29 41.4,15.6 B,"270 – Unistellar Network, Roving Observer",MPEC J89,
2022 05 08.926924,15 15 13.90,+13 29 42.8,15.1 G,G33 – Wickede,MPEC J69,
2022 05 08.928093,15 15 13.78,+13 29 41.4,15.1 G,G33 – Wickede,MPEC J69,
2022 05 08.929263,15 15 13.66,+13 29 40.2,15.1 G,G33 – Wickede,MPEC J69,
2022 05 08.932254,15 15 13.68,+13 29 35.0,15.7 B,"270 – Unistellar Network, Roving Observer",MPEC J89,
2022 05 08.933421,15 15 13.73,+13 29 37.4,14.9 B,"270 – Unistellar Network, Roving Observer",MPEC J89,
2022 05 08.936391,15 15 13.26,+13 29 30.2,15.3 B,"270 – Unistellar Network, Roving Observer",MPEC J89,
2022 05 09.235388,15 14 48.087,+13 23 47.91,15.1 G,"U68 – JPL SynTrack Robotic Telescope, Auberry",MPEC J89,
2022 05 09.238730,15 14 47.730,+13 23 43.95,15.1 G,"U68 – JPL SynTrack Robotic Telescope, Auberry",MPEC J89,
2022 05 09.259547,15 14 45.519,+13 23 19.23,14.7 G,"U68 – JPL SynTrack Robotic Telescope, Auberry",MPEC J89,
2022 05 09.262889,15 14 45.158,+13 23 15.31,14.7 G,"U68 – JPL SynTrack Robotic Telescope, Auberry",MPEC J89,
2022 05 09.413971,15 14 30.696,+13 20 27.28,14.54 o,"T08 – ATLAS-MLO, Mauna Loa",MPEC J80,
2022 05 09.415813,15 14 30.487,+13 20 25.04,14.52 o,"T08 – ATLAS-MLO, Mauna Loa",MPEC J80,
2022 05 09.418644,15 14 30.158,+13 20 21.44,14.46 o,"T08 – ATLAS-MLO, Mauna Loa",MPEC J80,
2022 05 09.440910,15 14 27.588,+13 19 53.54,14.53 o,"T08 – ATLAS-MLO, Mauna Loa",MPEC J80,
2022 05 09.548308,15 14 15.378,+13 17 33.32,14.88 w,"F52 – Pan-STARRS 2, Haleakala",MPEC J80,
2022 05 09.559095,15 14 14.180,+13 17 18.80,14.94 w,"F52 – Pan-STARRS 2, Haleakala",MPEC J80,
2022 05 09.569847,15 14 13.002,+13 17 04.33,14.95 w,"F52 – Pan-STARRS 2, Haleakala",MPEC J80,
2022 05 09.89770,15 13 46.537,+13 09 37.31,14.05 R,L92 – San Costantino,MPEC J89,
2022 05 09.89946,15 13 46.317,+13 09 34.86,14.02 R,L92 – San Costantino,MPEC J89,
2022 05 09.90043,15 13 46.41,+13 09 27.5,14.6 V,M16 – Osservatorio Il Coreggiolo,MPEC J89,
2022 05 09.90301,15 13 45.933,+13 09 29.98,14.19 R,L92 – San Costantino,MPEC J89,
2022 05 09.91171,15 13 44.60,+13 09 08.1,14.0 G,"G02 – KYSUCE Observatory, Kysucke Nove Mesto",MPEC J80,
2022 05 09.91561,15 13 44.69,+13 09 07.5,14.9 V,M16 – Osservatorio Il Coreggiolo,MPEC J89,
2022 05 09.91786,15 13 43.91,+13 08 59.8,14.1 G,"G02 – KYSUCE Observatory, Kysucke Nove Mesto",MPEC J80,
2022 05 09.92382,15 13 43.24,+13 08 51.7,14.0 G,"G02 – KYSUCE Observatory, Kysucke Nove Mesto",MPEC J80,
2022 05 09.93273,15 13 42.72,+13 08 44.4,15.1 V,M16 – Osservatorio Il Coreggiolo,MPEC J89,
2022 05 09.99870,15 13 35.05,+13 07 14.5,14.7 G,"K83 – Beppe Forti Astronomical Observatory, Montelupo",MPEC J89,
2022 05 10.00030,15 13 34.86,+13 07 12.2,14.7 G,"K83 – Beppe Forti Astronomical Observatory, Montelupo",MPEC J89,
2022 05 10.00231,15 13 34.63,+13 07 09.4,14.8 G,"K83 – Beppe Forti Astronomical Observatory, Montelupo",MPEC J89,
2022 05 10.02083,15 13 32.724,+13 06 40.97,14.6 G,A16 – Tentlingen,MPEC J89,
2022 05 10.03237,15 13 31.409,+13 06 24.84,14.6 G,A16 – Tentlingen,MPEC J89,
2022 05 10.04391,15 13 30.086,+13 06 08.53,14.7 G,A16 – Tentlingen,MPEC J89,
2022 05 10.05544,15 13 28.762,+13 05 52.22,14.7 G,A16 – Tentlingen,MPEC J89,
2022 05 10.08210,15 13 25.49,+13 05 16.7,14.5 G,"L63 – HOB Observatory, Capraia Fiorentina",MPEC J89,
2022 05 10.08957,15 13 24.64,+13 05 06.0,14.6 G,"L63 – HOB Observatory, Capraia Fiorentina",MPEC J89,
2022 05 10.09704,15 13 23.81,+13 04 55.0,14.7 G,"L63 – HOB Observatory, Capraia Fiorentina",MPEC J89,
2022 05 10.334234,15 13 02.075,+12 59 31.60,14.56 G,703 – Catalina Sky Survey,MPEC J89,
2022 05 10.339610,15 13 01.420,+12 59 23.71,14.58 G,703 – Catalina Sky Survey,MPEC J89,
2022 05 10.344985,15 13 00.754,+12 59 15.86,14.57 G,703 – Catalina Sky Survey,MPEC J89,
2022 05 10.350354,15 13 00.084,+12 59 07.87,14.58 G,703 – Catalina Sky Survey,MPEC J89,
2022 05 10.355005,15 12 59.418,+12 59 02.36,14.69 G,703 – Catalina Sky Survey,MPEC J89,
2022 05 10.360496,15 12 58.741,+12 58 54.26,14.69 G,703 – Catalina Sky Survey,MPEC J89,
2022 05 10.365987,15 12 58.072,+12 58 46.06,14.77 G,703 – Catalina Sky Survey,MPEC J89,
2022 05 10.371474,15 12 57.398,+12 58 37.96,14.82 G,703 – Catalina Sky Survey,MPEC J89,
2022 05 10.918563,15 12 03.648,+12 44 20.69,14.9 G,Z80 – Northolt Branch Observatory,MPEC J89,
2022 05 10.919454,15 12 03.540,+12 44 19.36,14.8 G,Z80 – Northolt Branch Observatory,MPEC J89,
2022 05 10.920551,15 12 03.401,+12 44 17.63,14.9 G,Z80 – Northolt Branch Observatory,MPEC J89,